area_id,latitude,longitude,population_density,income_level,public_transit_use,elderly_population,essential_workers,urban_proximity,reported_cases,true_infection_rate,estimated_rate,reporting_probability,data_quality,tests_administered,detected_cases,observed_rate,predicted_infection_rate,prediction_error
area_0,40.0580836121682,-73.63382385422507,9039.46185344896,61204.898981490835,0.3960426856663265,2.0531676429912213,64.08730664095953,0.5856204398432661,73,14.202249981665062,8.075701981323947,0.5997142650122084,low,1520.0,22.0,14.473684210526315,15.502442717143607,1.3001927354785447
area_1,40.785175961393016,-74.30032621784164,45229.450820306934,57196.45951343492,0.3741300452885138,17.009827829162184,73.90563124206292,0.9311799075842903,1282,39.282707895436424,28.344363611516876,0.6829658193867294,low,1456.0,53.0,36.401098901098905,31.860893343392128,-7.421814552044296
area_2,40.258779981600014,-73.83747771564602,8402.423245186525,20000.0,0.48345940455751424,19.43928761266087,52.78465087058034,0.8677918521950624,70,17.174109428995493,8.330930013564924,0.5370294365700216,low,1498.0,15.0,10.013351134846463,11.309393483974384,-5.864715945021109
area_3,40.80219698075404,-74.42544935632023,12224.078471571665,66679.72169842155,0.4335529764551782,17.70691800099052,49.55412287983529,0.892475250655441,137,17.054286897002168,11.207388787515345,0.7211720572813543,low,1469.0,33.0,22.4642614023145,19.771523213477398,2.71723631647523
area_4,40.1195942459383,-73.78675521277701,5739.242451187315,77965.60308620567,0.9,6.7138932037816375,75.35820463349033,0.7204871756886273,71,15.652459008193167,12.370970664484084,0.8,low,1489.0,26.0,17.461383478844862,17.28460752926666,1.632148521073491
area_5,40.07697990982879,-74.21024854708624,4540.3907629753185,68874.61156388877,0.3258509726109039,16.1840805202006,57.773797582980755,0.5710878505248217,36,12.744369654487327,7.928832974809683,0.6119949959351825,low,1509.0,18.0,11.928429423459244,13.771300369604809,1.0269307151174818
area_6,40.41741100314878,-74.27789218952927,2994.9106076140033,30739.903442697225,0.7668553620714056,33.04811675196266,65.67366402168516,0.6785448827129603,33,17.18567260257801,11.018692817109011,0.579894150998958,low,1459.0,16.0,10.966415352981494,14.45618117780801,-2.72949142477
area_7,40.27864646423661,-73.59173411403334,2427.088590606073,38328.85777911769,0.5609534210021563,40.0,52.976196792862694,0.6758822185915359,26,17.14138131604709,10.712423147894857,0.5682707808943628,low,1473.0,21.0,14.256619144602853,13.467700339178167,-3.6736809768689245
area_8,40.67756436184228,-74.48341217107215,1439.251373355303,49874.70328985767,0.7092113185761487,22.507786755258373,45.10425636085802,0.8503443793737125,14,12.306298386287818,9.72727923640054,0.6964443906867741,low,1445.0,9.0,6.228373702422146,9.003560742089899,-3.3027376441979186
area_9,40.55520081159946,-73.97034942164399,4369.136034148455,43948.74795109637,0.47766897542145814,25.385268020313607,45.054319641510105,0.8066082293006468,31,14.382213123441232,7.0952242634949005,0.6133112556788711,low,1447.0,24.0,16.5860400829302,11.952341705013515,-2.4298714184277177
area_10,40.60642905965959,-74.49080294838338,7075.583614338353,33781.23572449161,0.6741533716819661,36.705197901190026,50.12664854031175,0.8068264085018971,84,18.88951852187461,11.871812217691522,0.6120035397849288,low,1553.0,32.0,20.6052801030264,14.583022970226285,-4.306495551648325
area_11,40.568308603335474,-74.40632523217191,1635.2618712999051,32812.91015777033,0.4712221209504929,15.259744721093895,76.95182826473138,0.8248525147635501,13,13.701664912822746,7.94979704973248,0.5729518192502449,low,,,,8.10556743312684,-5.596097479695906
area_12,40.64547229590717,-74.32288932059295,7375.934028088021,63389.398441095494,0.462997692343771,13.95982366117454,53.06885020394232,0.9109388559253652,85,14.407644432370033,11.523964243215117,0.7194387890107456,low,1537.0,22.0,14.31359791802212,14.605994924871474,0.19835049250144188
area_13,40.69602979667497,-73.92993882991064,4690.520102761462,30593.671440333,0.6038153657652058,26.70235848495212,56.87714828932945,0.6772409268140223,38,16.702770087242175,8.101446996811326,0.5463100369585798,low,,,,8.712250441573081,-7.990519645669094
area_14,40.51134239886094,-73.9984837053128,9401.830415528693,71033.47285893085,0.5315073464035024,28.911080400133006,26.6637625632427,0.8322160055318876,107,15.255365826553678,11.380762603766136,0.7401001623759901,low,1474.0,25.0,16.960651289009498,16.136057233025415,0.8806914064717368
area_15,40.03734818874921,-73.67739943934035,1503.8237629853395,39255.83525209315,0.30406506519113685,26.06063494081008,25.017773413444893,0.5952180199987827,7,10.340866868905403,4.654800763424458,0.4964017600462347,low,1473.0,18.0,12.219959266802444,12.422603853560965,2.081736984655562
area_16,40.438971420705634,-74.42154361865774,5971.853555650766,64284.02551302291,0.4496443094993835,24.223889655221495,41.04329225274492,0.6968921629620493,64,14.344679231076183,10.71694062883392,0.6561326128405831,low,1468.0,36.0,24.52316076294278,19.898452848925906,5.553773617849723
area_17,40.24773098950116,-74.14402732134874,3687.8687107607525,84701.92158734564,0.28539014682077185,5.98312197790741,53.154390873858716,0.726180797789956,28,10.332608193393773,7.592461173658217,0.7137399550505237,low,1488.0,16.0,10.752688172043012,13.002711472854381,2.6701032794606085
area_18,40.64241927820632,-74.47348868945838,9078.573555510355,50695.878042878976,0.688877692617119,40.0,63.99104181489692,0.8425531137854014,114,21.358013138270298,12.557038757570705,0.69332498483056,low,1548.0,33.0,21.31782945736434,18.737413988702425,-2.620599149567873
area_19,40.84487531096946,-74.47672806426418,7225.638352053002,35857.505820080754,0.4024384897660701,30.44693278135445,50.58674900540382,0.8302249118206337,89,16.31378044774727,12.317250831507872,0.5729851947797271,low,1476.0,30.0,20.32520325203252,12.857361166060613,-3.4564192816866566
area_20,40.776412960742,-74.15919645974698,6283.852342859692,43745.654412313146,0.7216562091174878,27.71593102741891,72.07009312448879,0.8099278476857549,67,18.839628317819823,10.662249261176823,0.6622922137784767,low,1496.0,24.0,16.0427807486631,17.11810764393563,-1.7215206738841928
area_21,40.95060714693756,-73.92656211187672,1920.7797664971556,20000.0,0.3059539214475643,30.268931068896197,32.39639039855197,0.5825807385642212,13,11.854382716211536,6.768084622063438,0.4159650058587792,low,,,,7.551095973968764,-4.303286742242771
area_22,40.117067016427605,-74.35700831794716,2380.471493013963,28321.811112684973,0.48846826057926573,18.01095400618851,62.13505731550937,0.47662190240136015,16,14.003761905117132,6.721357532302172,0.4539674672870011,low,,,,7.1684737779348415,-6.835288127182291
area_23,40.77714691592744,-73.9415957502642,8147.571752126599,39907.37333635321,0.41385768324674205,14.093679380472924,59.55720300155109,0.595385817787937,58,14.729812822381685,7.118685390510542,0.5210167753311422,low,1478.0,16.0,10.825439783491206,12.803338932781514,-1.926473889600171
area_24,40.55385428440132,-73.5306974643809,3288.7272511759634,74905.46298479736,0.4705764640182838,40.0,70.837829155031,0.5882590828896516,33,17.43715926177999,10.034276934397663,0.6702148696097416,low,1505.0,21.0,13.953488372093023,19.40255652661665,1.9653972648366604
area_25,40.58365611185087,-74.42226536303501,807.215404488451,55572.36725361089,0.36466194518687295,5.909306372307977,76.50717263453653,0.8322838077504852,7,11.447687510329787,8.671786937014717,0.6449070003769637,low,1495.0,17.0,11.37123745819398,16.236891170221714,4.7892036598919265
area_26,40.59413071535214,-74.11910914336897,4186.840225612694,72118.43633864715,0.4726378607273102,35.944608324681155,79.1799089051216,0.7362110099177919,50,18.131196862560472,11.942180094222033,0.7038646204753882,low,1508.0,31.0,20.557029177718835,20.286352201225192,2.15515533866472
area_27,40.60617463445088,-74.27135719449653,14043.796651049675,79374.55134683773,0.6542518950157805,34.01985822072673,41.16303737329194,0.8547131408474069,223,21.32071393370232,15.878896963616482,0.8,low,1520.0,27.0,17.763157894736842,17.896982056739617,-3.4237318769627016
area_28,40.75513725567362,-73.87969044864654,1466.1723423446117,59908.90447392225,0.21762334858405152,40.0,64.46750689109602,0.6187875273953463,8,15.209659436499566,5.456384470605206,0.5687965458311032,low,1576.0,22.0,13.959390862944163,14.855682878009741,-0.35397655848982446
area_29,40.926587625161496,-74.00788370692047,3041.8019919894623,20000.0,0.2352598933226448,32.022728508750205,43.81148236402744,0.6630374963646147,16,14.205774235239979,5.260039950705453,0.42596322757391336,low,1468.0,16.0,10.899182561307901,11.6507749203052,-2.554999314934779
area_30,40.19228901880867,-74.45913138373352,1643.8729953163402,28624.07094201736,0.22335225905617404,20.351552460674174,75.75395137225833,0.44815275872642457,9,13.827399160725996,5.47487550780532,0.3936125631972316,low,,,,6.365376133827187,-7.462023026898809
area_31,40.20934932333671,-74.12952789720862,18324.24116157744,40968.476838183175,0.7528888223304766,25.873787979812246,71.13227751948966,0.7182962130527049,322,26.649765144678966,17.572351136437494,0.6299405357346395,low,1487.0,38.0,25.554808338937455,22.726465210164424,-3.9232999345145423
area_32,40.26924323094938,-74.12271583689538,2791.7362027941945,25917.631666321777,0.4475033142512769,13.28148981792686,31.855011793688526,0.7548591738609676,12,10.941960194676831,4.298400396136796,0.5196289416738327,low,1543.0,19.0,12.313674659753726,12.102522311425023,1.160562116748192
area_33,40.36308229639864,-73.8540827586684,21537.848248392384,42285.26429754675,0.5738695385647017,16.553395981375928,49.99337032419778,0.9513721086086295,348,24.510674971605795,16.1576029316659,0.6693265974857162,low,1554.0,41.0,26.383526383526384,24.96067034149754,0.44999536989174516
area_34,40.86550712589398,-73.68292792905072,1173.7814709395711,54644.768621475756,0.20033752954439624,40.0,50.95663253953364,0.46264248689881393,6,12.962316085550812,5.111684030245604,0.49743932646442646,low,1543.0,23.0,14.906027219701878,14.560035308993035,1.5977192234422226
area_35,40.28863055324025,-73.91876177857739,6934.040938399414,104798.96880894396,0.3720572629671139,13.69965304203982,42.38212876569272,0.9123420339162929,71,11.71899703283328,10.239339604532093,0.8,low,1448.0,16.0,11.049723756906078,12.534646906632176,0.8156498737988951
area_36,40.41184091414727,-74.151131733457,12214.590822092436,54897.31848568626,0.37151624141625517,40.0,57.330510113369435,0.7474401018260082,162,21.277341747818802,13.26282659481248,0.6181245527737985,low,1497.0,29.0,19.37207748830995,18.612392713900462,-2.66494903391834
area_37,40.3588304841235,-73.6227994591869,8949.080593198232,42207.700851388465,0.9,16.595445560495058,51.52131626166597,0.7210152872878695,94,18.01137006667019,10.503872327560096,0.6651353895919146,low,1496.0,25.0,16.711229946524064,15.452409317424411,-2.5589607492457773
area_38,40.93983212361348,-73.87229194692858,5024.472968482393,52051.778895268595,0.30193561160541554,29.635824176665103,27.935013684508153,0.528185074538031,34,12.763442422063573,6.766878877302322,0.5270497602635666,low,1538.0,17.0,11.053315994798439,12.171441881327326,-0.5920005407362474
area_39,40.342081748715906,-73.67874269532798,6897.716058121095,73489.9708671147,0.3835013384897674,11.470027958071702,80.0,0.775047159012282,73,15.50389342818732,10.58321325274802,0.7031742988700969,low,1456.0,29.0,19.917582417582416,19.040006386885846,3.536112958698526
area_40,40.947283339611815,-74.34664859688392,42552.389255378104,98871.5819254355,0.4584605917900697,26.386342494577676,38.8042549185961,0.9956542333098972,1238,35.26014040488316,29.093548486082526,0.8,low,1507.0,50.0,33.178500331785,31.19130950224379,-4.06883090263937
area_41,40.45083937140413,-74.38676195415924,4680.848845874289,97929.95128219822,0.5747859757272956,22.850324288662218,55.37625422250858,0.7156129247448492,53,13.104264584261912,11.32273263784502,0.8,low,1531.0,15.0,9.797517962116263,11.780673819816968,-1.323590764444944
area_42,40.45221794088981,-74.27539517706002,1266.5048237299156,42204.47934384857,0.38160395614972126,26.128691834975697,75.23227665080373,0.711934062556746,12,15.605733075187535,9.474894824845153,0.5587189273723623,low,1459.0,30.0,20.5620287868403,15.449286680838892,-0.15644639434864338
area_43,40.50219501033124,-73.90461498267996,6425.8605942539725,33072.15734028817,0.6945814812578921,19.711323810266826,80.0,0.8723031444977773,85,18.672910585979864,13.227800191620606,0.6328958689620643,low,1482.0,31.0,20.917678812415655,18.618916954489507,-0.053993631490357075
area_44,40.559640331308216,-74.34475975406929,12888.431419245344,20126.213495963122,0.4263182138432109,21.3838686756407,56.81245929941644,0.8276447390319546,162,19.952565638210785,12.56941164757236,0.5140619184620809,low,1476.0,23.0,15.582655826558266,16.20729729667286,-3.745268341537926
area_45,40.652746107851875,-74.26181721895327,7022.370493812299,65135.5632512137,0.42124461649163564,30.246553790548862,48.97343556873645,0.8858285088741594,82,15.875191265691592,11.676968635057575,0.7105397289654298,low,1522.0,22.0,14.45466491458607,16.032117633828847,0.15692636813725436
area_46,40.89267171107697,-73.68255643826156,780.5583277151275,30288.828392786676,0.1932571356701249,15.656985475148911,37.20499992330541,0.4375702203641859,2,9.277648572563427,2.56226848012045,0.3910778068144275,low,1500.0,10.0,6.666666666666667,12.076152570673525,2.798503998110098
area_47,40.425213504469234,-74.47753069167989,3743.894048393855,89758.99909882013,0.547698576991736,22.725786132918753,44.12962870669569,0.6654208330158673,33,11.045028324935545,8.814352001803343,0.768201961698388,low,1491.0,17.0,11.401743796109994,11.869086964364445,0.8240586394289
area_48,40.55417800251579,-73.84857961164813,2422.4704600823356,53248.334347037395,0.7821545256090383,24.759082959727728,25.803614901066478,0.8127739660759881,24,11.803052454447661,9.90724155174395,0.7132564323327536,low,1533.0,22.0,14.350945857795171,13.596669563684195,1.7936171092365338
area_49,40.24534910968132,-74.11070438595803,5596.213075759086,74366.09351516109,0.4351138485650008,11.076727230724936,48.19793792453215,0.7539855121158398,51,12.039254867725338,9.113305606770918,0.7106827974083965,low,1518.0,20.0,13.175230566534914,13.656661019449226,1.6174061517238876
area_50,40.334243890816964,-73.72908779625418,5857.27119423513,83646.9697541625,0.33147563577459377,8.898574123134386,42.00657168054317,0.8230957041452307,34,10.475950957284835,5.80475085966032,0.747811717415138,low,1492.0,17.0,11.394101876675604,12.47324912856135,1.9972981712765137
area_51,40.73222488640956,-73.69343885213856,7669.163187461093,67107.02515207407,0.39394135802931973,31.136747727528945,70.00997681671419,0.5862828133799837,81,19.36974595517103,10.561778126254133,0.6231012162281553,low,1502.0,27.0,17.976031957390145,18.41850333076377,-0.9512426244072607
area_52,40.84454939853507,-74.18089952675675,9200.387046629114,49976.479469629674,0.5338048234122631,32.68805499329079,19.800280626815706,0.8054063930810007,93,15.09549351448123,10.10827039434975,0.6482888004852715,low,1550.0,17.0,10.96774193548387,13.116103631106087,-1.979389883375143
area_53,40.232959474753635,-74.47559921844346,3342.695798357361,59107.0586385114,0.4673318749627527,40.0,77.9731122682898,0.4839066834402491,36,18.876013121542012,10.7697505760742,0.5750666145786709,low,1495.0,32.0,21.40468227424749,19.200147974968083,0.3241348534260702
area_54,40.28723899165408,-74.20369187954401,3204.0128497797295,46159.28415152904,0.6282637855897405,30.096100619331274,21.319193867710727,0.6852981899264667,21,12.336738043220025,6.554280829879853,0.6158793507020043,low,1499.0,16.0,10.67378252168112,11.347764671333003,-0.9889733718870222
area_55,40.991168626136975,-74.26832829861655,5103.094202807181,72484.15750003333,0.8560457594834705,19.471094387391595,52.97122144163314,0.9142099212360594,67,15.884902338157335,13.129289277698167,0.8,low,,,,12.07949975830655,-3.805402579850785
area_56,40.153895906339855,-73.68416687500938,2522.2178090152197,50962.51640724671,0.3159559103197943,20.447436847042788,80.0,0.6904055990220719,14,14.49142498321104,5.550670505124295,0.5741629273995672,low,1492.0,28.0,18.766756032171582,16.441296001863726,1.9498710186526864
area_57,40.72342011368858,-74.00412426492123,1166.8234139356491,60495.32722649104,0.3190847503717715,38.35317487770751,61.81386626512688,0.660010660956025,15,14.33440491392559,12.855415670316038,0.603801457267126,low,1517.0,16.0,10.54713249835201,15.320806728947815,0.9864018150222247
area_58,40.65845183465843,-73.64941827090576,2595.0950709837066,62613.97262010192,0.4369433483947199,40.0,40.187696475222786,0.620432899615464,31,14.619355585028043,11.945612454286316,0.6239744300439908,low,1540.0,18.0,11.688311688311689,13.469325640144595,-1.150029944883448
area_59,40.00638587171683,-74.21296186682508,3844.677725812915,45669.51538983585,0.37876691856580347,40.0,66.71754824748103,0.5176673421264164,30,17.792899480867405,7.802994721399393,0.513731647910429,low,,,,10.164162835072402,-7.628736645795003
area_60,40.93722848723645,-73.81211427769918,3036.798444685395,66152.25474684371,0.41508319536266614,29.64521297647459,52.79227478839974,0.4679619749648267,21,13.11290750529781,6.915177408876587,0.5880142505493561,low,1475.0,16.0,10.847457627118645,13.369979610106736,0.25707210480892506
area_61,40.6832953766065,-74.05409729362326,451.9633477191569,22462.913358980004,0.5534191271821856,39.17954043026566,59.11587390473855,0.7060300923796294,7,15.554462197962707,15.487981570465074,0.512344506586246,low,1483.0,20.0,13.486176668914363,13.77765420318386,-1.7768079947788475
area_62,40.638525947664085,-74.10240560203721,4294.340436935089,46497.78229209416,0.6002353093007378,11.716554352715434,49.325478553840995,0.7409502619204118,21,12.930812188737566,4.890157244959344,0.6283232696046477,low,1506.0,18.0,11.952191235059761,12.416316449129791,-0.5144957396077743
area_63,40.77092184464405,-73.65521677188312,2447.9516984090073,26446.835532833673,0.45346208337164623,34.15218814665089,74.25200866527877,0.5334211083694725,22,17.720593841174125,8.9871054295305,0.4565060913165057,low,,,,8.95940287729935,-8.761190963874775
area_64,40.79755910063719,-74.18963804107642,3484.9857716617753,39276.730325139026,0.26159132422769055,11.527824496520191,23.27975912884872,0.8322856710120564,16,8.06935641417147,4.591123478926166,0.559110887449711,low,1524.0,15.0,9.84251968503937,10.510937109702985,2.441580695531515
area_65,40.55964868348691,-74.49022915258081,5023.203941219661,30213.444112748355,0.6104596756838165,21.830827349633033,46.25004316274964,0.7739817472231982,48,13.293992609023544,9.555654232176234,0.5751402357547162,low,1484.0,15.0,10.107816711590296,10.562317529120644,-2.7316750799028995
area_66,40.93621224624369,-74.44802871634853,15449.775362790664,62913.934873205,0.6558643848171272,32.68908071526318,63.21431323309798,0.8949468600933201,282,24.121449082946597,18.2526925717749,0.7513126744842414,low,1459.0,21.0,14.393420150788211,20.352736807040557,-3.76871227590604
area_67,40.08162998203059,-74.43964791600943,8936.534028790793,23240.09739184854,0.30474160893209573,40.0,63.236904924447444,0.3871622329251698,63,19.829615052638644,7.049712986828358,0.3700573812313642,low,,,,7.789175815144841,-12.040439237493803
area_68,40.727169069766305,-73.75729347880002,639.0184450266534,21675.5265439179,0.21846334962555697,8.996262574448295,80.0,0.6190839803964723,2,11.1645239217459,3.129800110725412,0.4161199702197246,low,,,,4.227476858153825,-6.937047063592075
area_69,40.13156768512726,-73.78417503531792,5735.305793580434,41472.72775674461,0.6063147122278464,40.0,25.244241384942363,0.7302527336614413,37,14.14524894592692,6.45126891776448,0.6062296735709801,low,1438.0,25.0,17.385257301808068,15.692238142314537,1.5469891963876172
area_70,40.96982104507855,-74.04621045861636,4437.494328277425,21356.32279789658,0.35724488692732925,11.77507050774866,51.568698453367624,0.7016167281667975,29,12.994470540315772,6.535219620496373,0.46735928702709145,low,1512.0,20.0,13.227513227513226,12.785739119082917,-0.20873142123285504
area_71,40.80567015295005,-73.91464563560325,2456.004823114476,53281.171145876135,0.42632205558307557,30.076247203683828,63.5859821152007,0.568664740707366,28,15.047611710558593,11.400629077142046,0.5689885179123295,low,,,,10.543582164012564,-4.504029546546029
area_72,40.48884658025692,-73.83313574245389,15210.587411265813,27870.791879808006,0.6363741206767836,34.08151710534237,32.60200762428486,0.8668910422318622,196,21.374033229744175,12.885761391097324,0.5988253043241473,low,1502.0,30.0,19.973368841544605,16.56218934299798,-4.811843886746196
area_73,40.57060974663883,-74.46961294030316,6354.438887934184,56939.52364706301,0.7412576597396355,29.8373589823966,52.246303177067865,0.7954954948668106,75,18.033649845325453,11.802773041441958,0.7146582749962224,low,1482.0,16.0,10.79622132253711,15.178481674503852,-2.8551681708216012
area_74,40.56701626098667,-73.76155079074867,4057.3614068940074,66902.90936348712,0.5910955480934688,37.71960265144533,68.7792351768876,0.7621165997719969,69,18.31526710615763,17.0061261692783,0.7144657270042414,low,1488.0,28.0,18.817204301075268,19.086103329724747,0.770836223567116
area_75,40.44869362262253,-74.26245586912567,1247.6926403746738,35032.48054632216,0.6119810679812242,34.670707767278735,67.16090836983032,0.7051959806389383,12,17.22073726865906,9.617753292506782,0.5740849299732149,low,,,,9.16701597699718,-8.053721291661882
area_76,40.607905092793445,-73.73511673845788,6619.274412659426,64203.17788606654,0.4105566461254663,17.09894143627521,62.20574660652603,0.7134866710460388,70,14.418775814386578,10.575177222766944,0.652970042083171,low,1442.0,17.0,11.789181692094314,17.730621669775566,3.311845855388988
area_77,40.53916127667525,-74.188692300844,12906.009845810851,62985.64641166841,0.36737824937890906,31.84338752523531,28.615377018218197,0.7523982628117867,151,17.574176495398916,11.699975577580465,0.6511377143659915,low,1516.0,27.0,17.810026385224276,18.164320393191044,0.5901438977921281
area_78,40.805992549775155,-73.94977345784373,3659.0555869312598,37400.7212551947,0.5836353636186403,36.64276776929547,43.61102791481176,0.5988832077699755,32,14.83112165093091,8.745426036787116,0.5459949200754994,low,1523.0,21.0,13.788575180564676,12.993529274544859,-1.837592376386052
area_79,40.27480603554814,-73.67738568148633,15332.545182754364,30984.52695211239,0.2945517317628773,25.863013048751142,60.65050770183048,0.7548406577427664,177,21.587855059229867,11.544071639135613,0.509300651483855,low,1531.0,26.0,16.98236446766819,17.33393139378504,-4.253923665444827
area_80,40.231947096115974,-74.10909400409449,4418.64217346549,99074.3878221597,0.639269230595144,25.383947721096018,69.39910049140272,0.7480201069073324,53,15.849968750438013,11.99463498498968,0.8,low,1496.0,31.0,20.72192513368984,19.235676782524962,3.3857080320869493
area_81,40.07941936898899,-74.41434175040357,883.4594081370711,29855.70428197319,0.4713475966945282,35.42242077065787,23.485146818378837,0.4081676777183947,2,11.793536562088994,2.2638278358678074,0.4361426397823168,low,1504.0,23.0,15.292553191489361,14.394306728217838,2.6007701661288447
area_82,40.994139361221166,-73.83816081015063,8051.398262619313,53303.568554143116,0.49683362859391667,10.325774337909435,77.60536780594981,0.49231883668222154,91,17.084286972716736,11.302384633299152,0.5602766509400221,low,1452.0,27.0,18.59504132231405,17.006269148515486,-0.07801782420125036
area_83,40.79544996078973,-73.57282218052055,1684.779756668147,20000.0,0.570991486020156,25.513916321094033,53.295675510092536,0.4660617557260447,9,14.363192366394827,5.341944526801873,0.4340168239218446,low,1533.0,21.0,13.698630136986301,13.277629437770342,-1.0855629286244852
area_84,40.263112569910845,-74.13986359252849,667.2958455696968,57527.16857057916,0.9,24.28200942972694,36.34388999714516,0.7367342032328292,6,12.478244616673239,8.991514093539072,0.7311289352521654,low,1449.0,15.0,10.351966873706004,13.402939078650398,0.9246944619771593
area_85,40.80592540011762,-73.70996956369294,1912.7508181419616,40553.62051420405,0.6103952328368936,30.234637062281283,46.064081261266146,0.5280715255983964,19,14.99722703610905,9.933337797997401,0.5427149863037138,low,1480.0,16.0,10.81081081081081,11.52652892769459,-3.47069810841446
area_86,40.174838627260414,-73.99743392353656,1974.7070022672115,41679.32819967849,0.5686766917909458,1.7084580834962706,80.0,0.7783822286771844,14,12.724564789411918,7.089659369175399,0.6139673197600584,low,1534.0,20.0,13.03780964797914,15.038786847330305,2.3142220579183874
area_87,40.061349627110665,-73.71923841393156,2003.7869906622523,45124.01912084419,0.5107491471443691,16.934552367824597,59.851836801796395,0.6377158244893076,19,12.397643585578084,9.482045790566039,0.5739606532590429,low,,,,8.71199888170844,-3.6856447038696434
area_88,40.30625362078661,-73.87610416370836,381.0322361102816,67958.3893128793,0.45222656123165955,37.212352610595936,60.144592863322586,0.9271991088093833,3,14.397711785915075,7.873349590116344,0.740438602140664,low,,,,7.870698258483248,-6.527013527431826
area_89,40.25981320874504,-73.73971017687786,6073.490920611072,25645.27775447523,0.45498065552805406,35.87414448802831,66.26489752586295,0.8017906318451383,67,18.557583031610122,11.03154691029964,0.5341144316770533,low,,,,10.702165095421819,-7.855417936188303
area_90,40.37588828514577,-74.10552372142996,14394.895480446065,43771.65989307875,0.8169587615412787,16.45102180965863,50.1497102207023,0.7958133436116075,196,21.25294381430847,13.615937695848169,0.6772223949640529,low,,,,13.549880867997071,-7.703062946311398
area_91,40.518408021945206,-74.34983099918296,5686.788347262918,82305.91861247938,0.4319546008478068,12.758086850730166,35.50380914731265,0.7863346498779975,51,10.816257962367564,8.968155114221295,0.7515149895828781,low,,,,9.01406867789578,-1.8021892844717833
area_92,40.660302719701335,-73.73562733777827,7695.42219030484,31560.744586549008,0.32440825623270114,21.607695897560887,51.4384129544722,0.6696646357938223,58,15.385878943527084,7.536948404607601,0.49202402033088294,low,,,,7.682337787804857,-7.703541155722227
area_93,40.6564786073315,-74.3719042536338,13815.875772748595,44987.556001824254,0.5673503121150871,20.81490993038596,75.3497080339653,0.9194959173045167,203,22.080725024451887,14.693241553344846,0.6692690616216694,low,,,,13.102276586953403,-8.978448437498484
area_94,40.91892653363956,-74.24775897982664,6783.559859083424,81133.5404699558,0.5943514166343927,24.896159113283932,57.976910198806706,0.8986628949555947,88,16.71619437119759,12.972539762019629,0.8,low,,,,12.363175574861172,-4.3530187963364195
area_95,40.21351136631067,-73.99414730704817,8360.620160756263,62613.69297895187,0.3788037250945021,27.31118953875349,75.17454969051298,0.8141420595396283,110,18.81457304550131,13.15691873149873,0.6704581347965964,low,,,,12.598479974370434,-6.216093071130874
area_96,40.726461715113004,-73.50819004865063,2248.251961901964,27713.068518986798,0.6157821136074211,22.4326460136166,55.32252510478726,0.4723477603172799,16,13.834134263647151,7.116640070210106,0.47571302489261547,low,,,,7.312634694648471,-6.52149956899868
area_97,40.8766507618282,-73.50366566237275,1105.4805107151114,20000.0,0.3281696650534185,5.797074686226178,22.356783965643668,0.3594836596962723,2,7.513882524952799,1.809168032013738,0.3534790309195654,low,,,,5.222899507884415,-2.290983017068384
area_98,40.579983787428134,-73.93851541204047,19418.359140345216,72079.52674038673,0.36544585699529575,38.79884980566159,10.7754514739457,0.7912202128523882,280,20.140496075293512,14.419343981451473,0.6987733422163226,low,,,,14.838313593303598,-5.302182481989915
area_99,40.43401936617388,-74.41139957032038,5835.779423037283,20000.0,0.2709798861720506,24.89507426669437,58.615215540763074,0.6944990815369091,39,15.79895292960753,6.682911942498009,0.4425457016954828,low,,,,7.526574394403782,-8.27237853520375
area_100,40.33451128874193,-74.47380329146793,3580.5986753261104,20000.0,0.6176256639013232,13.886557711240583,66.04247568126553,0.5818613490236875,38,15.232246161418713,10.61275039335121,0.4780835374873709,low,,,,9.681540218615838,-5.550705942802875
area_101,40.7295082286524,-73.7344871010089,4404.302518350559,24120.473461083533,0.44964390111904184,21.694020014307785,49.521399130124344,0.6077720628068002,35,13.349323006214899,7.946774739966713,0.46874229291018255,low,,,,7.889556595344931,-5.4597664108699675
area_102,40.44973984245054,-73.72328944304482,5589.293548018622,33122.95657012461,0.6489806236279314,23.71803739896824,65.82352878676897,0.8067190153081081,62,17.6672282311455,11.092636210166258,0.6043036555985171,low,,,,10.94766340738791,-6.71956482375759
area_103,40.98129709049725,-74.24346993755576,2949.6792545708395,60290.498495775,0.6065458119432217,18.203775935676568,42.48570202083856,0.8949388148012938,20,11.441763585295007,6.780398231098479,0.7309528008121325,low,,,,7.521449986413607,-3.9203135988813997
area_104,40.067668361900004,-73.79216490277022,1903.3721355184741,48465.73461762619,0.30288864240375524,10.328235424715047,46.93836940332271,0.6742856956698698,5,10.038726803030112,2.6269166741994003,0.5567263756522167,low,,,,6.878320785959865,-3.1604060170702475
area_105,40.45923987759696,-74.44804342244574,2500.083585555005,59130.32043779355,0.49097690668900185,26.620240854612163,78.83497501675689,0.7080776249003906,17,15.676559493241166,6.799772654891493,0.6471399505590918,low,,,,8.36605835802774,-7.310501135213427
area_106,40.02716742122556,-74.4347954087395,4190.2492848398,42077.403038017874,0.239638230725226,40.0,27.823977800505595,0.3634146978273918,28,13.759936729019419,6.682180008073312,0.42526166764533424,low,,,,6.801165136300097,-6.958771592719322
area_107,40.634582417550305,-73.7020858403841,6695.246736235935,42887.52411304198,0.6380635176001009,20.302687003937816,38.32302088076997,0.6723953277174768,58,15.14227330169615,8.66286221926566,0.6008813982874311,low,,,,8.954978070809029,-6.187295230887122
area_108,40.08346408498938,-73.61758363159267,3352.662225400267,74179.3921128056,0.48591599390678597,11.520699964461786,73.09123789449453,0.5934981004497009,27,13.939620515546315,8.053301580888165,0.6719501973674898,low,,,,9.783655698060304,-4.15596481748601
area_109,40.73149649034036,-74.31258805590242,15534.307483298517,55769.64477364114,0.3723426622892707,5.794715118591496,51.783055746375204,0.9685786382572709,194,17.867733410208665,12.488487189311545,0.6881207030296,low,,,,13.910737243453587,-3.9569961667550775
area_110,40.10063747852353,-74.26012588724406,2195.0926944571042,27037.94117758779,0.4292972270224744,15.163365228436076,73.77896051504683,0.5486144867557838,22,14.030236065517649,10.022355800988667,0.4585955561415812,low,,,,9.024987815293793,-5.005248250223856
area_111,40.069641148162404,-74.32511856282404,1928.4555400049755,55264.657883649794,0.7123213137016193,14.845957118257932,61.47910623795878,0.477936433078642,22,12.987659824503615,11.408092923906992,0.6069038241985156,low,,,,8.682961673879946,-4.304698150623668
area_112,40.788447343253296,-73.835015096524,4340.816237473616,40982.96923396319,0.2977782484047132,17.690689827372793,70.26500966281426,0.5808122326334035,28,15.391565137219656,6.450399756221007,0.49773119640681646,low,,,,6.718328719136411,-8.673236418083246
area_113,40.91807655219915,-74.2199626704495,5106.74898116161,63729.32301534523,0.5762831844223257,9.501112205842874,38.90148402502734,0.8717585938629705,48,11.060163289374707,9.399326298799526,0.7317015071047372,low,,,,8.756237164275914,-2.3039261250987924
area_114,40.01240403627732,-74.03123203453549,6039.236733080409,20000.0,0.7143819823283026,21.20696428137368,75.13642614257209,0.6152740076940688,65,18.257224188839718,10.762949503859856,0.5074585987738812,low,,,,9.694417385306965,-8.562806803532753
area_115,40.99543751619131,-73.64430390616246,1149.6098378960232,44001.28337406685,0.2219661495887567,28.90041153741757,12.150907298055502,0.32800155446743007,2,8.580441761545904,1.739720672241577,0.41879882975424776,low,,,,3.452379106024661,-5.1280626555212425
area_116,40.773879655730155,-73.89807656898486,2994.7644550793602,65063.962108611515,0.46433486452360695,12.38956388874546,60.961318185076195,0.6006471164552736,17,11.909416889196004,5.676573318200915,0.6333169562757496,low,,,,6.6641074899950175,-5.245309399200987
area_117,40.5062660594952,-73.86589596862368,6489.134957317888,44948.75151201233,0.4373334362088447,9.312237090073934,80.0,0.8635884526354247,63,15.66564350376389,9.70853594729973,0.6263382290804456,low,,,,9.770130822973451,-5.895512680790439
area_118,40.219068809101856,-74.46327863749917,2072.2635155699195,29690.770123646278,0.568860777648118,19.117366078186446,30.08361646799561,0.47338982354579373,9,10.079150244904145,4.343076994010965,0.47455218308794683,low,,,,7.130360904724757,-2.9487893401793883
area_119,40.42182817853883,-74.08897892473445,3263.622134664934,63505.3871108584,0.7923470550283453,15.74150980947472,80.0,0.8064955870789944,51,15.977225310386125,15.626809077649552,0.754439635572801,low,,,,11.282333995453378,-4.694891314932747
area_120,40.418947790187474,-73.74882195219158,3476.7510900740226,43914.35090052776,0.36137154248473624,32.794104079871786,65.81797431124127,0.8411470536689334,46,16.112805337129455,13.230742957506521,0.6002758281997383,low,,,,12.256846848977608,-3.855958488151847
area_121,40.011706610730904,-74.07796573987235,1744.05967395688,99526.80069995591,0.36066843440331475,9.188706751604677,79.76057031721155,0.5964603227188072,23,11.974482436280473,13.187622157341762,0.7491789864961288,low,,,,11.163257643281742,-0.8112247929987308
area_122,40.78898515992079,-74.05358048359842,7973.408191245913,52814.232788575195,0.7496530999611416,9.827359690348594,70.25464889063497,0.7040360202978051,73,17.701594623586136,9.155432438558389,0.6723983572358706,low,,,,9.970122323502398,-7.7314723000837375
area_123,40.89009703518381,-74.15412253926215,1801.0497601480508,48998.56199990592,0.5323410075814747,15.263293074972523,74.61428524230878,0.8006991590211788,16,14.244394093726264,8.88370790970526,0.6426721972222722,low,,,,8.772274208412773,-5.472119885313491
area_124,40.14055296757836,-74.0144103003406,5710.740438213951,58326.94416892529,0.6072088770026498,29.456873485982598,54.608415960748346,0.7401259208851301,67,16.4726773967561,11.732278979388253,0.6767873283417701,low,,,,11.391194083677137,-5.081483313078964
area_125,40.60294287647946,-73.67329264025851,4683.7523294072835,20000.0,0.3365869463872752,19.780392590354857,74.9354086347903,0.6772398578959313,36,16.118101097035872,7.686145096522579,0.4504893466462344,low,,,,8.001733902390209,-8.116367194645663
area_126,40.34244797883471,-74.22975230786922,2294.95709290978,20000.0,0.5976918909835766,10.436619419589375,73.93317084223243,0.6700249194315218,19,14.581630551299414,8.279021886160786,0.5005458540261718,low,,,,8.959563859590878,-5.622066691708536
area_127,40.47554603748683,-73.95697541604234,2334.163399866568,54164.585620376114,0.7553471542333845,15.041386941698606,47.414112078226594,0.8846859659189452,23,12.972499274987692,9.853637496550068,0.7331335631038649,low,,,,9.130574240897161,-3.841925034090531
area_128,40.863547522514544,-73.91126847786867,3009.157419749063,27471.302712155473,0.3228839118008192,2.4305685670462087,37.677197080409776,0.5585948729407849,13,8.743066137649114,4.320146202615111,0.44204045509102113,low,,,,4.800790702158683,-3.942275435490431
area_129,40.06245759361907,-73.61653523701393,2710.7995522426377,92439.842299084,0.4673423077425683,21.818964131497662,71.79846276738647,0.5774954213377989,27,13.865177585692267,9.960161007722968,0.7364764571461894,low,,,,11.280462275338722,-2.5847153103535447
area_130,40.9574480190381,-74.49113671488654,13039.548637996766,58788.6150074947,0.5308284160951033,22.325345688933208,44.06549222847676,0.8526906605548843,169,18.030188622673464,12.960571312072888,0.6971273414154647,low,,,,13.045520466597518,-4.984668156075946
area_131,40.40754303103243,-74.09289351087438,4864.526676571824,37087.463807112756,0.2831546925224014,23.210883429839534,46.04119513753077,0.8056257243652553,38,12.672734895913338,7.8116541498297885,0.5466685110425079,low,,,,7.946338786514346,-4.726396109398992
area_132,40.80348274329688,-73.57077194636814,4650.090679737282,40708.054662028895,0.21414959457768404,5.2821396529727975,44.11408584659909,0.45845774374849646,16,10.369356061540117,3.440793116082622,0.4431994606882014,low,,,,3.9601942773012455,-6.409161784238871
area_133,40.6247838627894,-74.42822419377349,2573.4212397124857,64280.318273003846,0.546728001515582,29.14497360622609,54.822283721206944,0.8636666113888646,27,14.58832205930413,10.49186957165884,0.7255668568117912,low,,,,10.425424980780292,-4.162897078523837
area_134,40.7486452341262,-74.18241320473888,6351.484739547864,48189.51431139629,0.7893122406524199,9.906980175432574,72.94138088359415,0.8375520734168584,80,17.073216397338104,12.595480156297263,0.7018861274011267,low,,,,11.607307056092525,-5.465909341245579
area_135,40.89187214481073,-74.06618258042347,3623.5267314334037,62281.44390204318,0.5811090609543457,30.853436173037274,52.733971316448134,0.7160377460470253,44,15.090006239060937,12.14286612495732,0.6801589116131495,low,,,,11.630553244725986,-3.459452994334951
area_136,40.95077270773134,-73.79745949846519,1530.7853128762874,38213.32423733145,0.32546537502918244,2.017653990604532,62.27317605968437,0.45347813578724483,8,10.689499280600865,5.226075748641921,0.4539898126913357,low,,,,5.165773149766349,-5.523726130834516
area_137,40.41650443190388,-73.67782011318357,3680.9311761275626,57376.215798558325,0.661903613830682,6.389436191205743,31.12270152807301,0.7725734821986493,15,9.537275179223853,4.0750558166589785,0.6936576306199644,low,,,,5.5306623360580875,-4.006612843165765
area_138,40.713206883282616,-74.30078472510594,8682.278576434352,61592.47511372242,0.33905612583464295,11.731305211486346,80.0,0.9528726492075564,106,17.57107254725129,12.208776655440166,0.7000429203840851,low,,,,11.81066330754016,-5.76040923971113
area_139,40.59513167490568,-74.49007617887216,8202.937837845435,47164.68644084348,0.30930391837079857,26.173103462812115,57.65447321597797,0.7998302488641347,83,16.887726040898425,10.118326097397393,0.590468604096774,low,,,,9.972194867477322,-6.915531173421103
area_140,40.017552363366626,-74.20669138921943,3162.0972083187976,76282.7567814233,0.7466676073317801,24.724174239198156,55.38740565745817,0.5302353751519561,36,14.301464937975807,11.384849240336996,0.713535161137636,low,,,,11.069006227973901,-3.2324587100019055
area_141,40.4840770697102,-73.7525555934033,3233.4977709425643,47329.02841191608,0.4908767962438963,12.186732816985955,64.5472685673359,0.8152417950167081,25,13.536027212243168,7.731565558714612,0.632064011401456,low,,,,8.269395685580992,-5.2666315266621755
area_142,40.811123769933474,-73.86404529283627,8646.114675307668,25316.378007832915,0.5554980926751706,21.665070979115118,44.64067555775616,0.5618261844390284,67,16.821979877713503,7.74914542729169,0.48091298589807424,low,,,,7.829117057257452,-8.99286282045605
area_143,40.24189329411289,-73.99939642884529,4045.457632046838,52842.97195013483,0.3986723484395527,9.699066748258572,43.66216348574692,0.8350456242354438,30,10.964667274430559,7.415724679044831,0.641620044759083,low,,,,7.551896794539404,-3.4127704798911545
area_144,40.95142981036183,-73.50518070603405,422.26412382489144,52245.27424867696,0.24253382392212242,31.51031108416901,50.02530188205817,0.3001820927038099,5,11.948304346869152,11.84093016169531,0.4475424895902752,low,,,,4.9528740751327565,-6.995430271736396
area_145,40.161671436236965,-74.02309989353203,2050.9278206719646,64164.73780633221,0.3363493956847208,18.45629024060067,31.711892416217875,0.7547691320744868,14,9.21334575586889,6.826178795221106,0.650359569984619,low,,,,7.0504838613810765,-2.162861894487813
area_146,40.728861442269945,-74.4046007226868,7244.690622388868,48070.58613731007,0.4149956820117784,15.654477700584602,50.764649150951,0.9393238429826518,65,15.664207945352242,8.972087751977305,0.6570786338463914,low,,,,9.235160124835707,-6.429047820516535
area_147,40.2510013832623,-73.93592597116648,18202.29312989792,23820.491618828713,0.629490085831115,14.665532699632292,80.0,0.8717116383191854,259,25.754884616429564,14.228976434545118,0.5826934751372934,low,,,,13.77544861846595,-11.979435997963614
area_148,40.28249606597285,-74.1469496083997,3958.833939244902,65810.11370066361,0.9,21.485039659983745,47.96195028747094,0.7377111462174423,47,15.039462514771081,11.872182749086127,0.7645537986678871,low,,,,10.198285067804152,-4.841177446966929
area_149,40.83582592791051,-74.1678089668844,11152.08573837751,62766.66963016218,0.2852499215354902,28.471104399560907,48.055869575771545,0.795485226810124,130,17.70906993317821,11.657012244143075,0.6467622308707839,low,,,,11.382849362769328,-6.326220570408882
area_150,40.30419871963628,-74.19605748774497,6716.175231869777,23994.1784300658,0.36163880753054534,27.25644169135819,80.0,0.6970059133238922,74,19.588421654644794,11.018175888093745,0.4774062492235399,low,,,,10.194883795615215,-9.393537859029578
area_151,40.54449695910387,-73.79067917152739,7816.193653039159,36584.236206359,0.7958484122018231,16.629359225231312,67.56824551487416,0.7971910209321539,84,18.651650939971447,10.746918990081369,0.6446639335454467,low,,,,10.510064198032943,-8.141586741938504
area_152,40.714326635735,-74.03828385618688,4878.202210813498,56892.54493399263,0.36599841562619073,14.296352028116639,57.452767920347924,0.6937683152164742,41,13.155896062952314,8.404735644027918,0.6089003574261509,low,,,,8.2026750942809,-4.953220968671413
area_153,40.49625875288236,-74.11948229013011,6645.090990568258,36807.31937040682,0.4506984560618368,9.252068795160925,63.153771081227895,0.7501984321598646,48,14.605107295944139,7.223377387627804,0.562428498341954,low,,,,7.824455466879248,-6.780651829064891
area_154,40.71845394732255,-73.63735952885082,4471.903064539435,35143.8307288874,0.3130772802137637,15.190617814750945,38.21381003363887,0.5664527582239003,14,11.292089351746155,3.1306582003118333,0.47312660642547233,low,,,,6.081402465237496,-5.210686886508658
area_155,40.83283037678827,-73.59391293951875,2697.447701050235,31686.174409644016,0.35642590972298116,10.367932607650895,78.75486249689287,0.4481464958526674,17,12.255912044227077,6.302253791011834,0.4324738283389725,low,,,,6.826919761807038,-5.428992282420039
area_156,40.056585656146716,-74.12607895298719,3845.631945164227,56142.045138102425,0.2696398558153752,21.435666534440955,37.3435140331731,0.610639041475153,16,11.318099490730264,4.1605645647185625,0.5616878641580306,low,,,,5.514229938347465,-5.803869552382799
area_157,40.40360100236159,-73.76211501516539,3991.975246720156,82608.1502166087,0.35909539148717595,17.19856310386772,45.246848881873746,0.8577728808194002,40,11.039635023360976,10.020102212022575,0.7595835434096901,low,,,,9.161255388503461,-1.8783796348575148
area_158,40.297290790307336,-74.40793301391753,9075.279936020099,72415.43497406783,0.508510600837622,40.0,50.97942176512694,0.5606213938260872,105,19.925178841135327,11.569891038099152,0.6595502782116219,low,,,,11.214983502716668,-8.710195338418659
area_159,40.68011188544697,-74.0918483091333,4822.713834635443,42308.78439326899,0.5799999168054395,35.13043239291774,60.224899081215,0.7425607131330817,58,17.66917908260268,12.026423708464616,0.6080033348740883,low,,,,11.397494868294784,-6.271684214307898
area_160,40.91454866384856,-74.06597902729123,3060.3904296623564,20000.0,0.489390244527952,37.76534260139747,54.27290722134579,0.7196551223093379,29,15.89140563848594,9.475915137794848,0.4937745855983918,low,,,,9.588498996264054,-6.3029066422218865
area_161,40.21440648299316,-74.22919367196303,10710.646065156518,40335.237856703985,0.3550299884309456,24.148124074779105,80.0,0.6351304101042564,124,20.63708136983642,11.57726613741745,0.5228860721442821,low,,,,11.257630646323548,-9.379450723512871
area_162,40.52144902416688,-74.43154128066642,8272.869719042565,43533.55521982581,0.28290907414909044,29.397956280346584,80.0,0.7719831611413043,91,19.11131992314612,10.999810596622282,0.5623109840515126,low,,,,10.65100107913174,-8.46031884401438
area_163,40.64932232457688,-73.56371937853108,2095.158084115784,20000.0,0.6803596582170038,11.52864723306357,58.55301782091069,0.5646909509766438,12,13.399836058244322,5.727491443713347,0.48547921693639384,low,,,,8.49719460202648,-4.902641456217841
area_164,40.66421938498897,-73.61830938815649,4984.576357873527,65313.73935274191,0.3817275786039225,3.9839552507875133,35.14851945617416,0.5950046142084691,34,9.469300257490252,6.821041059245556,0.6161018573942928,low,,,,6.78086787677243,-2.6884323807178214
area_165,40.32674254203004,-74.14557505120695,7903.602480662141,47692.09685487824,0.5373819898506385,27.522274745286357,54.484121336559475,0.7511333124632098,99,17.99352067170531,12.525933615996596,0.6235847791286036,low,,,,11.001908399651272,-6.991612272054036
area_166,40.160365406119745,-73.8263545825251,7621.417265379115,29357.04418135184,0.3917946195923431,16.815818646197425,80.0,0.7730774411073728,63,17.679819855052134,8.26617908537595,0.5277103329760878,low,,,,8.940410572723534,-8.7394092823286
area_167,40.05773215922512,-74.1089671308726,1847.9966505098967,32242.40572513643,0.4240433070564039,39.16878783670064,73.41660385020982,0.6212181639610304,17,17.394105712668978,9.199150872545891,0.5001437335001356,low,,,,9.566909941712511,-7.827195770956466
area_168,40.117203905680235,-74.16279342443424,3812.2592948895385,26415.190678079663,0.5670980338265394,23.743631793938988,65.69579990699748,0.6331498573884244,41,15.476057760755566,10.75477737177056,0.5090253266941539,low,,,,10.399589093357589,-5.076468667397977
area_169,40.72344366235491,-73.96434340065242,6599.851521781362,53683.37997669421,0.41680580109302406,19.329433207062426,57.72351138939624,0.6454539237747702,58,15.575980028868376,8.78807649059736,0.5917308572578127,low,,,,8.91186776776704,-6.6641122611013355
area_170,40.87735045313284,-74.11059506102113,5056.504512409437,35419.53913244962,0.551667068274554,40.0,51.29817394990568,0.7553545027755554,43,17.921433183105517,8.503898274879695,0.5786179210173759,low,,,,9.170772626853456,-8.750660556252061
area_171,40.72273775223881,-73.84327051527839,2184.7906755589415,42290.84844007403,0.6966006665106278,25.9651841872866,72.0148227844476,0.6469931544554308,26,16.59562251962793,11.900453572445032,0.602581473399051,low,,,,11.455164033710188,-5.140458485917742
area_172,40.67115747337969,-73.87952621494803,10646.693173856918,38164.93460737309,0.3806446061877431,19.791077565484873,63.03094132499585,0.7025815029942736,121,18.419860919918445,11.365031190822418,0.539563110565323,low,,,,10.580865112288864,-7.838995807629582
area_173,40.27094269831637,-74.29774581947547,1054.384256614892,30741.11397896535,0.3418768729952596,38.37777013074789,80.0,0.5902820512709341,13,17.349367731377246,12.329470891130898,0.4684244458961935,low,,,,5.689294886032068,-11.660072845345178
area_174,40.26406198469372,-73.56093152054972,6619.860368598048,22909.220029600867,0.4054643179396049,23.058997228728956,77.43267560772155,0.64211121420979,63,19.139875791561025,9.516817046300044,0.46536310796926145,low,,,,9.153023518727185,-9.98685227283384
area_175,40.03114909279339,-74.24042355072496,7363.287035137849,38521.344152051504,0.48372196414742397,20.655713285422504,61.76850772474556,0.5174090519070682,63,16.7150938313983,8.55596144756573,0.5060524850098113,low,,,,8.418887755577812,-8.296206075820487
area_176,40.576702398857755,-74.43274408603263,7563.1714618340075,63347.1986481872,0.613652187141796,12.124502662970434,69.69673589134277,0.8211425048447566,82,16.583239233138727,10.842012562295615,0.7224619834745349,low,,,,10.95172111257831,-5.631518120560417
area_177,40.764353386436426,-73.876256915136,5562.25243381024,67522.03069215991,0.7118749601602073,35.605160303669756,67.89864521481921,0.6093804654410084,66,18.421986104525455,11.865696637358266,0.6952772544329836,low,,,,12.006191433873822,-6.415794670651634
area_178,40.92913952001546,-74.15809472189451,1512.361377862857,60638.81554023393,0.6496727283893391,13.107593281845487,40.59717487441405,0.812865520361322,7,9.885057428389455,4.628523382349143,0.7163494639472001,low,,,,5.832087152019907,-4.052970276369548
area_179,40.27528821345186,-74.34379343131337,6289.528095456223,21345.520945391167,0.338225346525292,10.964675347254072,66.98943958198471,0.5465524966840554,35,15.092259731300313,5.5648054144611,0.4169929020918397,low,,,,6.163346696742338,-8.928913034557976
area_180,40.40188719989073,-74.3463089571558,5803.217813232823,54425.31856992962,0.6375579961504247,40.0,51.073069215769266,0.6698852213698423,77,18.60292999607068,13.26850076597509,0.6461784399207561,low,,,,10.851987035290854,-7.7509429607798275
area_181,40.86299683135887,-73.61390656468679,4388.344307275141,26421.349469060093,0.5174355847798707,34.24248432347316,58.48813763433803,0.4332471339986792,37,17.03136793393235,8.431425934072719,0.43914665503181827,low,,,,8.319064117502624,-8.712303816429728
area_182,40.21079310155003,-74.27063422296233,1739.5806260223715,36137.24450995047,0.5934747762742463,22.444225718088894,29.998105143781473,0.5960319452792563,9,10.943388697946817,5.173660746371326,0.542053516878428,low,,,,7.3904009659589045,-3.552987731987913
area_183,40.21050693966534,-73.69097635970833,1599.2810327740099,64956.076510518666,0.429952505323837,14.925979515773399,56.58191474406675,0.7332409649678524,8,11.073902890269881,5.002247782632496,0.6657870965971978,low,,,,5.8437497031101495,-5.230153187159732
area_184,40.48783431854401,-74.41772767572294,1908.031381331872,65757.33724388722,0.5161651113303074,2.7707844507490313,49.64684702767692,0.7449531732683992,11,9.007256564200492,5.765104341377037,0.6897483232221301,low,,,,6.214736537896503,-2.7925200263039898
area_185,40.88951931104376,-74.12853273737562,5709.206585988593,81814.22138732627,0.39856806339140544,32.7191818725249,48.62398719773598,0.7760291620367535,78,15.301273505918996,13.662143561493439,0.7397792468386122,low,,,,11.109134765118688,-4.192138740800308
area_186,40.175491627381355,-73.93227268206894,4341.768423172783,92361.23034919321,0.7438584145234857,40.0,55.168667383669536,0.7985625680230535,53,16.50150802079138,12.20700756796002,0.8,low,,,,11.502168528975107,-4.999339491816274
area_187,40.92712378186445,-73.53007347465481,1528.615980636008,36342.38926458806,0.27259937310071636,22.157080947427325,57.950426708664246,0.33427583564108776,8,13.039793896806597,5.233492323344321,0.40017218237082175,low,,,,5.502157759964109,-7.537636136842488
area_188,40.263247346518014,-74.4993466092387,2189.2859052871395,55758.186774701666,0.6177960436725293,8.523890507525572,67.60259700798838,0.5061840047783461,25,12.375724110231312,11.419248595911956,0.5984471572668163,low,,,,10.073671281064202,-2.30205282916711
area_189,40.46806905423429,-74.03370058706018,3389.3899631494014,47484.43945136771,0.3810658645605045,35.791524687549575,20.29423003989191,0.837930306661967,39,12.367312096945003,11.506495394162737,0.6175300227161619,low,,,,10.933606716657486,-1.4337053802875168
area_190,40.034911552656226,-73.94884003808363,30727.45642193633,40821.710425037265,0.6988744867233386,17.400551325776796,29.808762601637508,0.6570660813044376,466,27.371497251887746,15.16558981000857,0.600181563436148,low,,,,14.278401285143522,-13.093095966744224
area_191,40.75076964921106,-74.37451370320085,8198.465349384183,64723.43458344246,0.41170995808567984,28.18301567276647,74.08446318505906,0.9641771177633015,107,19.241769084998367,13.05122305701239,0.7304888652798962,low,,,,12.723364380670393,-6.518404704327974
area_192,40.66786790670081,-73.5667949122407,2908.935362800102,77113.06209316666,0.5442647732790865,21.741477784773675,80.0,0.555070094192297,30,15.977353040556375,10.313051428933232,0.683826231286173,low,,,,10.280132477141903,-5.697220563414472
area_193,40.442798136543736,-74.23895147376516,1227.7267340745245,37554.46493009592,0.30407805918561626,10.755917732080308,7.256097465832763,0.692314189570326,6,5.732957420983532,4.887081003838263,0.5187277284286047,low,,,,6.16512673168578,0.43216931070224796
area_194,40.57789111269409,-73.59564022500614,6176.131153085666,27350.09082371475,0.7434525087748498,31.464293000143734,47.80568742370065,0.6328421240211495,61,17.135485341968234,9.876733263593943,0.5479435022561738,low,,,,9.62364524941878,-7.511840092549454
area_195,40.492819584532825,-74.20005793022298,13186.243199076693,23027.80225063948,0.38216512751921355,19.882076169915443,50.07489930057631,0.7208490190423191,114,19.094425834854068,8.645373688237628,0.4847989402190963,low,,,,9.080147003322544,-10.014278831531524
area_196,40.32679470585778,-74.48918891636481,3898.5522653806447,43241.583287389825,0.5626259371341111,19.854064537008025,42.364668222011254,0.5695761959304303,23,12.347851852402167,5.899625921201889,0.5563643793555105,low,,,,7.466262350950561,-4.881589501451606
area_197,40.172523876946364,-73.93202570268392,19894.547323529277,46637.1749779231,0.6158746915944826,38.64061941778088,36.23642006856054,0.7956667395739305,310,24.760836952912133,15.58215901868564,0.6484236601027681,low,,,,15.008946310557885,-9.751890642354248
area_198,40.3625597965591,-73.69428547433178,13113.209594466389,20000.0,0.5431822932150645,26.999218504918122,37.30065780428978,0.7925976556741701,134,19.93531003618445,10.218703440578448,0.526415755345264,low,,,,10.307788086676066,-9.627521949508385
area_199,40.40774810500273,-74.33878118802488,4437.281509294181,47823.26919882397,0.40286930701782625,27.175298077017175,80.0,0.675712078684876,39,17.792026424759282,8.789165149497933,0.5745805618043238,low,,,,9.199794627160326,-8.592231797598956
area_200,40.814671004709986,-73.88816897989678,830.9153748574258,31407.900351055556,0.4307728284624738,23.79246575210056,45.01930117199582,0.5596720399606487,2,11.671873983028124,2.406983984792884,0.47968777908491156,low,,,,4.459266387450406,-7.212607595577718
area_201,40.23138063637685,-73.99757271283363,7948.826117629694,43156.42265959935,0.4860693704554126,16.109145375299125,59.322372397873266,0.8275033892994419,92,15.711650457328254,11.574036044888855,0.6180905815193125,low,,,,10.680096265184794,-5.03155419214346
area_202,40.540296531790304,-73.65533409090978,1513.762676446427,45901.837774359825,0.5873540289792918,4.406080617946673,31.103482960861946,0.7033607552357736,12,8.43369121116312,7.927266398303677,0.6120863834640298,low,,,,7.275591841515481,-1.1580993696476396
area_203,40.99033230379365,-74.47423040123564,4769.303638959965,74285.85850194072,0.8531878527652479,36.41782745524754,48.44063286558129,0.8638589019628642,63,17.105044448092432,13.209475589970681,0.8,low,,,,11.411464826037525,-5.693579622054907
area_204,40.3931039075594,-74.39975443627712,4539.128942170307,67539.69349713576,0.7507956742398083,19.49112042046491,62.025264032234,0.6565550968804477,58,14.341902859496628,12.777781979524093,0.7172844379006389,low,,,,11.548126006563995,-2.7937768529326323
area_205,40.01130253658902,-73.71262804185072,3069.9324152910626,47843.22363540504,0.36463012413779694,23.56477789214279,55.88821834265172,0.5906660087214695,18,13.858468904262574,5.863321260866718,0.5414987219856204,low,,,,6.771825509710282,-7.086643394552293
area_206,40.80564880536334,-74.27568144114647,5004.738769259994,46782.04278118655,0.3772354325979069,24.82177755451385,44.8333554726003,0.8995350152333144,43,13.770629899826153,8.591857034399824,0.6324357622143219,low,,,,9.352179483420137,-4.418450416406015
area_207,40.76016092979016,-74.34610009530623,4339.438888163783,33590.29842912231,0.398315971451673,29.486714823402405,78.7015085119319,0.971755237184834,36,18.419504948817604,8.296003452933348,0.6055509591622741,low,,,,9.160417761004222,-9.259087187813382
area_208,40.24053158518015,-73.8276161567083,3446.4322898270843,68038.94181005163,0.550342343734294,16.468408719137777,46.48758530165099,0.8470499569490936,35,11.479834491246757,10.155429457677242,0.7363392230717933,low,,,,9.554470202006682,-1.9253642892400755
area_209,40.86610154537784,-74.21056047838051,13803.817881091325,22137.195229333134,0.6989991626583896,5.720078519232291,76.51746361870721,0.8420112318437463,137,19.556949707859253,9.92479045870814,0.5809519830021342,low,,,,10.503649494447146,-9.053300213412108
area_210,40.25302634092025,-73.6344376168278,2381.4643527954313,65075.34002296177,0.4636798911654847,40.0,67.50330791461722,0.70673682550605,33,16.87196409651428,13.857020350215889,0.6650583859767589,low,,,,12.717734620888754,-4.154229475625526
area_211,40.62533016995445,-73.75292173287097,1671.3242263150048,68543.56119139065,0.6217283427671316,38.491344612580306,43.87621694293399,0.7085826331532784,7,14.42594190755115,4.188295657889103,0.7110947032649724,low,,,,9.1398114327748,-5.28613047477635
area_212,40.174647185896326,-74.20406797056339,11998.424149362798,50066.53129799196,0.6916785526794768,18.495359981641517,70.55441554027055,0.6372321802370293,147,19.94884781184581,12.251608892139952,0.6297714897989719,low,,,,11.930388305821095,-8.018459506024714
area_213,40.69783278550517,-73.59973588879792,6262.533749270523,69223.32216131334,0.7159902288333715,15.688694478342901,49.007566567056855,0.557864158254703,58,14.001825777193353,9.261427135104222,0.6874505818883386,low,,,,9.500149044272204,-4.501676732921149
area_214,40.13457626710411,-74.40558110233953,8563.95945604841,49044.6529592045,0.3631864843396432,21.917922087680967,38.76571895983484,0.44157345086930533,60,16.15209763279911,7.006105097522877,0.5012879439655382,low,,,,7.041314006023035,-9.110783626776072
area_215,40.5488728015426,-74.12002092103461,22111.18020918667,20000.0,0.44325189213391214,13.074893960980116,67.27099725213901,0.7203349029138923,265,25.175244206331666,11.984887169880636,0.48475084930095014,low,,,,11.577236017502923,-13.598008188828743
area_216,40.40270372099456,-73.82749273732635,3223.295744366118,71955.92191012701,0.3967959112670735,27.58408008102714,47.788484896033054,0.9209631062832434,34,13.363982643430909,10.548209874761683,0.7434718017788958,low,,,,10.575985335472392,-2.7879973079585163
area_217,40.28454138567693,-74.05696629366238,12199.204455635723,55197.646174025125,0.6053329487469626,29.645479421701324,63.830988667786535,0.820225576190396,206,21.141492411238442,16.886347035919478,0.6879248473026118,low,,,,15.054969861096582,-6.08652255014186
area_218,40.68931041210269,-74.24768807293032,15322.784439163388,20000.0,0.47974384624347255,9.536311724871801,19.088011095533297,0.8946485569711724,134,15.006742467329444,8.745146845341662,0.5443433363400463,low,,,,11.687644518342752,-3.319097948986691
area_219,40.315773151249495,-74.44311860222236,5426.472164359435,65929.68846866452,0.24329952027601065,29.857286989509095,61.94721264044679,0.5721411943651401,53,15.498672799419502,9.766934832560107,0.5840210162394022,low,,,,9.420847914781842,-6.077824884637661
area_220,40.33930526730957,-73.99406834568045,11701.520945201253,29413.619874497977,0.318609484366442,15.247755604911243,80.0,0.9008044368834116,140,19.861439167690193,11.964256668481497,0.5516177074363037,low,,,,11.303708246841774,-8.55773092084842
area_221,40.9405039528794,-73.85123461384062,12201.5379246977,34225.82804207345,0.24979711290199225,32.10163397743479,65.14230127253354,0.5071474797326735,105,20.765130750119507,8.605472576327006,0.43900697866849436,low,,,,8.728992594949093,-12.036138155170415
area_222,40.345480853723444,-73.69698811847368,2674.217375043374,49498.769403647115,0.4141767898870544,26.264595363565064,66.82886661044863,0.7935908144254162,32,14.836517744327727,11.966117750424452,0.6189076799196241,low,,,,11.222853856271703,-3.613663888056024
area_223,40.63009312686167,-73.6713470938817,2051.8831804012125,64534.87705713026,0.5501010680396963,40.0,61.24306838140019,0.656190788343224,21,16.397277613219742,10.234500774987488,0.6650169583394274,low,,,,10.409138873640776,-5.988138739578966
area_224,40.902403276110675,-74.11678463405275,4466.077490660487,35530.14772900018,0.45524003782638633,26.71381980184502,80.0,0.7677236393244409,42,17.72201818577168,9.404225539711502,0.5634856902786102,low,,,,9.281113510944243,-8.440904674827438
area_225,40.54111382487884,-73.89491048145946,19091.365143975505,70391.57661829157,0.7798433386240391,12.949927179988215,47.53990231853731,0.833302196343837,336,21.23083713339391,17.599579572549768,0.7875256331011252,low,,,,16.821635317112353,-4.409201816281556
area_226,40.38670705704398,-74.4488497943796,2577.145818235516,20000.0,0.7757659018739131,22.887973096480174,39.902534003871345,0.6391463411289556,19,13.915892859077092,7.372497072365371,0.5268970827134692,low,,,,8.814332606608705,-5.101560252468387
area_227,40.09800768478074,-74.45593413842961,2441.441854833941,85876.34043774895,0.5197822416402309,19.12988173654192,30.157030455036075,0.3802878376514546,16,8.736966699029992,6.553504425395488,0.6615481613744785,low,,,,7.394129357069384,-1.3428373419606077
area_228,40.004187443627956,-73.82956566620308,331.84039039118284,40183.95036651873,0.1986514719858475,37.598541929905686,41.32117181959364,0.6227562106171156,1,10.936750857650843,3.0134969369496334,0.4872929590483791,low,,,,4.523442583343051,-6.413308274307791
area_229,40.47508987286677,-73.57756571634387,7750.0411848296135,28659.873449387433,0.2901125206828008,20.443763463633065,40.58657636350261,0.6609704712731624,49,14.732089727887226,6.3225470460615725,0.47095313931605853,low,,,,7.5108445719645065,-7.22124515592272
area_230,40.57835976311654,-73.66738822667386,1880.8021300694388,30986.011740603164,0.8372119388857893,31.55610501790512,80.0,0.6897153099420807,15,18.844534687526203,7.9753206146391395,0.5983010277221947,low,,,,9.778050691191453,-9.06648399633475
area_231,40.35781124933559,-73.90621936805655,4769.942894363846,55096.67967742101,0.6980261552584643,21.994206441576452,80.0,0.9825744865857632,67,17.822570047803193,14.046289753105233,0.7547642957371059,low,,,,11.366888725053439,-6.455681322749754
area_232,40.73502518618982,-73.88989207796376,1311.3370349860306,45676.819971414036,0.9,22.88685280329068,64.125659777417,0.6393331545543295,10,14.621135467421103,7.625804604921059,0.654507226251955,low,,,,8.592939814015342,-6.028195653405762
area_233,40.47164949075059,-74.40857800818286,8221.564995623105,89729.03422888444,0.6232174619003042,18.575980699166102,36.51836094388495,0.7317671820274411,98,13.715505889323763,11.919871709604196,0.8,low,,,,9.864004416383809,-3.8515014729399546
area_234,40.57212296372221,-74.31921484943761,3082.010307118636,35616.52888581481,0.8377454962816266,13.79946755382222,34.551281676441945,0.8382183416384694,22,11.881532518555668,7.138198061565779,0.6614807172911255,low,,,,8.284685314288424,-3.5968472042672435
area_235,40.81186612401038,-74.48613786408714,15423.52122264161,72020.94095853483,0.9,9.44919280561187,65.287338666342,0.8369626417317402,255,20.561859717603195,16.533189556329198,0.8,low,,,,16.155972005914013,-4.405887711689182
area_236,40.13812529314025,-73.64088824235309,13194.536934108664,46496.15900935838,0.5013193310087262,26.44367443462432,52.65889286284885,0.6482502630208726,143,19.855002426779855,10.837818766518168,0.5807235811454405,low,,,,11.062596597366364,-8.792405829413491
area_237,40.13071732358976,-73.82829114075594,6912.314824711672,79904.6591198874,0.2629546706332311,11.064805655112202,73.70657962301306,0.7454692301867121,75,14.957658374618655,10.850200244333983,0.6958503396622093,low,,,,10.560199702455735,-4.397458672162919
area_238,40.751278924373764,-73.60300471063559,2180.790235399519,52595.63205123822,0.2837321828156636,21.039986854523885,42.6707859728234,0.5194409745859112,15,11.528219539083134,6.87824062879299,0.5229612571438589,low,,,,5.783537655794438,-5.7446818832886954
area_239,40.764650950384876,-74.35330488598481,15917.888443695274,52495.76465502374,0.8251396607300536,21.873810249010475,80.0,0.9660447475802151,310,24.872730577059198,19.47494487705021,0.7648244150401702,low,,,,15.521096405872662,-9.351634171186536
area_240,40.94574970222593,-74.18708045197118,13153.780106252494,65876.51327976988,0.6413444994679143,12.494648488751912,66.87060983816563,0.8430205679200866,205,20.079618230315155,15.584873575813821,0.7446811233886883,low,,,,14.662094958059424,-5.417523272255732
area_241,40.72038399858645,-73.9888863615105,1723.108536921123,92342.28333135901,0.4607842641235399,28.013612779549707,45.18697738013758,0.6446911500403317,14,10.793866131672132,8.124850930757626,0.7549333311622437,low,,,,8.88234205826197,-1.9115240734101615
area_242,40.04719670169738,-73.53858338035795,5869.117961736382,74166.15871986945,0.6573215023218364,23.378437297416312,59.59812181443067,0.5113823810145859,69,16.463737008544108,11.756451386706548,0.6815436496482208,low,,,,11.20811321015172,-5.255623798392389
area_243,40.879914626727015,-73.99447920827652,1285.7714192305662,46922.13573637193,0.43830169749760917,13.341650695892564,49.369809678852896,0.6433988945708682,10,10.122481291706771,7.777432170629691,0.56836855081627,low,,,,6.956305993533231,-3.16617529817354
area_244,40.2566472071861,-73.74788566730302,623.3920596643198,50966.14091714,0.5028097996620559,10.239039760198754,54.21308307165052,0.8064865997952365,3,10.476788695652866,4.812380834005843,0.6463725035395421,low,,,,5.278870488347514,-5.197918207305352
area_245,40.06760474947238,-73.77597081122708,3514.2156659224834,61492.616327315685,0.2274299623260029,14.50424880588412,76.81991135729413,0.6684473879770942,29,13.522149169803365,8.252197006920886,0.5919906741675915,low,,,,8.278393848379025,-5.24375532142434
area_246,40.67558677356744,-73.99110592993011,4952.353146485091,46412.97587023332,0.7115488839656572,28.301137595606836,45.02893410240946,0.6858555453907587,54,16.297618960822906,10.903907375492041,0.6337183438912923,low,,,,10.55221837695146,-5.7454005838714455
area_247,40.827523693953815,-74.4994020611652,2252.030331357942,32378.93414254438,0.28947519894386,5.149964941005103,60.967556841648076,0.8175882923529472,16,10.29357291288493,7.1047000465363315,0.5326872640648337,low,,,,7.109055754909306,-3.1845171579756233
area_248,40.16428684327241,-73.7168385690763,5554.903714571508,29497.745861811363,0.605230322328721,18.47019129850818,73.13533202174096,0.7202719584295814,52,17.5617736465528,9.361098350560907,0.5551186354418641,low,,,,9.251851767105114,-8.309921879447687
area_249,40.819624869547646,-73.6118086503387,1537.52867804217,26872.502350405033,0.32153327546685495,11.382831475845652,54.56004720667021,0.46902945892462045,6,10.694875972080224,3.90236623595221,0.41250550217237725,low,,,,5.819218452673751,-4.875657519406473
area_250,40.54704534561558,-74.41255349820011,1713.0308235900225,20000.0,0.45159084886050593,28.471907867772433,78.66290014429626,0.8027569669669892,16,16.492105345186694,9.340170520965046,0.5111452598621979,low,,,,9.046227455493819,-7.445877889692875
area_251,40.19201608474004,-74.35397898070303,3491.88272936683,62355.80640400181,0.43536487482039893,13.952776615032485,49.02852463586747,0.5119470339625334,26,11.49331501808367,7.445839970895724,0.590080310768847,low,,,,7.3527096124466444,-4.140605405637026
area_252,40.29989759299453,-73.85720492949369,25310.048842897315,65697.4407078249,0.4323438751340708,14.894494785752526,27.752299560067744,0.9132846904132446,416,22.18802361374077,16.43615951048395,0.7232439449820871,low,,,,15.783881403682013,-6.404142210058758
area_253,40.240803816073175,-74.11319275794813,3040.7374752163446,42213.92347376653,0.5070402412532021,16.967406724177174,35.25443672991803,0.7494678713654555,22,11.071830179332325,7.235086941675137,0.595104103555343,low,,,,7.403524193307718,-3.668305986024607
area_254,40.32783819885003,-74.12791774503711,2664.2476529963424,71524.59400683151,0.4596718967478163,30.007178039050036,44.91319645218244,0.7686607318560053,25,12.967816538667279,9.38351206648668,0.7086309749336909,low,,,,9.797913156715094,-3.169903381952185
area_255,40.44485243282754,-74.01095159955072,11903.709896444712,43638.72978666768,0.5722166893220066,13.64891083858356,63.73031703508728,0.8697763771182961,119,19.099306552921128,9.99688341157758,0.6499311701465609,low,,,,10.840805805449945,-8.258500747471183
area_256,40.395053337856794,-74.448736540824,10783.929367080726,27620.41862579436,0.2927488827204324,16.910190591364042,34.96365539073053,0.6471578741631887,71,15.164091479238367,6.583871016137796,0.46317881329622046,low,,,,8.324869314212956,-6.8392221650254115
area_257,40.71512501981689,-73.5428651674602,1288.4906261470612,20000.0,0.6623101202063166,20.702048626678284,62.51729603895599,0.5055271826585588,7,14.778369029216963,5.43271317458623,0.46412017883883094,low,,,,6.90505334096215,-7.873315688254813
area_258,40.72811643733617,-73.89974858990041,6823.580039091433,61681.13401941272,0.22720264521973582,36.7179572509992,71.6292600209576,0.6464200933183162,72,18.901709821714874,10.551645849762302,0.586091093117093,low,,,,10.485312835606987,-8.416396986107888
area_259,40.088134430976694,-73.72320156279137,2920.3946492397213,53813.18841291475,0.6387393020104151,18.801732469802616,67.68619208736854,0.6627136811199654,24,14.294497647620545,8.218067378752396,0.6418147183897316,low,,,,8.7898852473275,-5.504612400293045
area_260,40.95312011439414,-73.78075479942417,2610.154686397484,59744.47653653912,0.40334142065670786,9.97424163877176,57.03691262630819,0.436768301716119,21,11.618782722476508,8.04550018029163,0.5506766807923338,low,,,,7.384983198212795,-4.233799524263714
area_261,40.666685651892514,-73.87662043404009,3471.6625620046507,97101.00465471963,0.79026284804881,40.0,20.20151890839228,0.7068103952017362,37,12.72901251358794,10.657717833796324,0.8,low,,,,10.574880449008267,-2.154132064579672
area_262,40.5023718199721,-74.17211600598174,3325.5258931889884,79999.24810548463,0.3678232650112243,30.78336917825065,67.36773319983861,0.7131684989393954,43,15.514830274638925,12.930285729564856,0.707512195106002,low,,,,12.74659599647632,-2.7682342781626055
area_263,40.76874713136251,-74.43805348142101,4959.699668061122,72541.15078648808,0.5487505138368132,33.66329578666193,77.26211098616754,0.899025629109636,61,18.80557369942164,12.299131818972926,0.7696223946462057,low,,,,12.342392385944812,-6.463181313476827
area_264,40.966274297748186,-73.52992554333329,1694.4557834051668,74984.35284163382,0.5636533053624344,40.0,30.0029588900608,0.3013590599706987,15,11.81623707783499,8.852399777500302,0.6030757904302319,low,,,,9.113600122634104,-2.7026369552008855
area_265,40.546407074212134,-74.25025582077065,5286.160486077715,51771.98647295891,0.6867848270187172,23.135319365038693,40.97401903745841,0.7920781782306391,59,14.497585302028671,11.161219973436236,0.6820683647647707,low,,,,10.749571692037916,-3.748013609990755
area_266,40.879837747941465,-73.85131704664263,3873.8388949070772,26004.420523505985,0.3954472021592329,35.12510032144748,75.42014730087465,0.5022635117250625,34,17.962535456735488,8.77682343597192,0.4337861760433892,low,,,,8.398667665117582,-9.563867791617906
area_267,40.147958334109404,-73.51534552240916,2500.003757662924,39723.40254989595,0.28339211339873294,4.045086621484363,42.89771785132581,0.5524151342023393,9,8.356254806582314,3.5999945889735225,0.48129657314003216,low,,,,4.186093443669953,-4.170161362912361
area_268,40.82956583142837,-74.36630434560057,8855.261017404257,27026.71622621816,0.8595894023654072,8.723366956832784,79.97329533287142,0.8999124729774406,117,20.19224063754138,13.212484620164954,0.6499984872711863,low,,,,12.021985465477448,-8.170255172063934
area_269,40.64277741347993,-73.7823238422065,1572.721149426146,71308.6132781881,0.4188159093781384,18.29041406365427,27.304046478511456,0.7065439507181472,12,8.339851248685056,7.63008751066809,0.6809608202038243,low,,,,7.3055265475546545,-1.0343247011304015
area_270,40.05845798723688,-74.20007060252694,2300.11517056364,36555.00251296596,0.2864023356035713,9.951326603828148,67.20964415559432,0.5650896860519821,11,11.60505333606778,4.782369222539612,0.4730273829881727,low,,,,5.43781459240417,-6.16723874366361
area_271,40.69172011413469,-73.83865732105528,133.10256980776,49847.81358832719,0.3931303662159318,19.695006965721262,56.170237806800905,0.6766852034291746,0,11.264549030522666,0.0,0.5810228886252474,low,,,,1.6064036931477814,-9.658145337374885
area_272,40.08322306620807,-73.63704037668698,3136.182902449331,47788.761921216166,0.356441227719145,39.39573659682605,73.57936217597313,0.6066544556036608,36,17.961790994192285,11.478922345978075,0.5444396299097919,low,,,,10.979452031679584,-6.982338962512701
area_273,40.29785939839021,-73.71995191295996,3375.4922641694734,36083.387017837886,0.446618307279696,17.74084236110271,49.2010164316453,0.8030682328587537,19,12.600504551588584,5.628808633834886,0.5745776793849169,low,,,,6.624586719368683,-5.975917832219901
area_274,40.1843013969501,-74.46063812018028,1654.4903947600862,34825.09378539563,0.6103721479336445,40.0,56.68614097674525,0.4400265215829403,10,16.989480323391867,6.044157180767481,0.49338276120319347,low,,,,7.206666152614784,-9.782814170777083
area_275,40.33581636464154,-73.8849302459853,9560.660938014074,49796.99711934643,0.6115957054354495,11.121815682918632,42.16215626639682,0.9579421955301817,90,15.336815252222836,9.413575126605698,0.7088897882235301,low,,,,9.798874261808562,-5.537940990414274
area_276,40.31645713087442,-74.41303297974407,100.0,61744.56462873212,0.38776811198261546,27.656823802412823,51.58804885141935,0.5787689030816783,0,10.594403950993962,0.0,0.5981625518359551,low,,,,2.5570475227872307,-8.037356428206731
area_277,40.97745656318384,-73.64668281333341,9895.615011032492,42644.07138946484,0.5944961107397634,5.443282718089332,54.78579975251091,0.3455083701109537,62,15.492810923000237,6.265401385449717,0.4931280187390981,low,,,,6.8952163102504835,-8.597594612749752
area_278,40.484173032163405,-73.70598554973404,741.8730376159948,65601.18840326685,0.4418632459324331,21.960239131598726,71.58902109019188,0.7759836408632446,5,13.07256996731714,6.739697692839026,0.6835724950585274,low,,,,7.598818798142571,-5.473751169174569
area_279,40.39447939083886,-73.63293981762105,3733.619464686396,32301.36630304419,0.3220417866684683,35.07669437695305,70.06439798230178,0.7308586873880405,43,17.38993593091267,11.516974455138204,0.5128714287622824,low,,,,11.149396284435658,-6.240539646477012
area_280,40.31563321536715,-74.00898023733109,4839.8127581063945,36804.21466228042,0.4933943862380216,38.58313451983677,70.08287249647768,0.8772966273901361,56,17.624729806006542,11.570695561765975,0.6090847241137668,low,,,,11.414990349390564,-6.209739456615978
area_281,40.739581177221744,-74.28903010938005,9604.8572867572,73546.9484323789,0.9,15.51692706073795,34.490755766495,0.9445035363378306,124,16.943094893525796,12.910134559830091,0.8,low,,,,10.639936509677787,-6.303158383848009
area_282,40.97645652943541,-73.54533364312093,1224.0993218969263,57645.9350148729,0.2543462895443431,22.097161789941058,55.21225032521577,0.30068249646759826,7,11.700238399477911,5.718490219529283,0.4716577469086397,low,,,,4.446055487884213,-7.2541829115936975
area_283,40.40918258745849,-74.17062073069792,9195.167946827658,62489.285650295875,0.3463191353792496,37.72862040444053,72.70614467837426,0.7285015723693526,111,20.656937527070028,12.07155765309269,0.6377714413878393,low,,,,11.979590272412192,-8.677347254657835
area_284,40.474434914147174,-74.1662234029302,8355.474937992873,51007.02935185897,0.370565945415923,5.732222263866209,55.32853279985912,0.7169074634398245,63,14.458878635197653,7.539966365470742,0.5932135455225678,low,,,,7.652080806553276,-6.806797828644377
area_285,40.927745733075405,-73.63229790208077,1402.6835407973256,50206.57506131413,0.40394792319966594,18.469318768467954,50.26976643590637,0.3848407379400628,7,12.422471801317919,4.990434261473546,0.49706810626720854,low,,,,5.6322280048046025,-6.790243796513316
area_286,40.435014594340224,-74.2073449023326,1497.7365303643176,49587.548550075444,0.36874436394566107,17.348127772613076,63.102143109713374,0.6880781592229626,10,12.729675202157226,6.676741734787991,0.5785225147563229,low,,,,6.7717615360582535,-5.957913666098973
area_287,40.075278716651674,-74.38760297282398,1781.4450384201616,31953.67500945944,0.36409806621615537,28.51402216203946,61.40488787203977,0.42902925519048596,14,14.778184447473235,7.8587886227551635,0.42934308983821456,low,,,,7.501931187671508,-7.276253259801727
area_288,40.696688987873195,-73.77467360926413,5330.52364280932,67977.0275394969,0.6131678694487944,16.5739719057086,30.08449065320856,0.6538430235260961,48,11.851334976100171,9.004743851900972,0.6906945911055753,low,,,,9.029265918922617,-2.822069057177554
area_289,40.46902493971788,-73.57144446710586,991.4757559066758,67386.67206130725,0.6826853249413446,29.0448008543749,74.33682242022029,0.6568390405159777,16,15.697532805578028,16.13756050481382,0.7031354653882913,low,,,,9.357367407831191,-6.340165397746837
area_290,40.86969588485164,-73.60916785171037,389.0711545657368,20000.0,0.4867520881051354,36.655989621629736,39.137482259267124,0.4250698454624463,6,12.954699992328704,15.421343704333266,0.404871371259761,low,,,,11.078121852186609,-1.8765781401420956
area_291,40.09135324272356,-73.7433534506476,1187.4501048002985,53457.664198920414,0.6078656255949348,33.42703832373965,26.770611083029934,0.6757238282878368,12,11.35284014228818,10.10568776868155,0.6381209304010196,low,,,,9.032609972917298,-2.3202301693708822
area_292,40.625649912941455,-73.91924400094435,8555.140800788016,70739.30004809608,0.38844161972657154,9.675665268170338,61.87654016475969,0.7482528497396361,72,14.567561715268946,8.415992404633254,0.6851213790595894,low,,,,9.197012504347176,-5.370549210921769
area_293,40.834458252856095,-74.44378609454012,10834.280795693572,57567.79110262144,0.31330545569244517,9.824583269160806,80.0,0.8569786514433582,120,17.400843986336124,11.07595439539446,0.6500258509819822,low,,,,11.264547482750949,-6.136296503585175
area_294,40.1442400211181,-73.74102316814597,8099.321438733507,47220.44699697993,0.2930307448776186,33.83373654642552,61.38023103505355,0.7193933222291786,82,18.26245476293765,10.124304933478767,0.5633059336321969,low,,,,10.248226423048072,-8.014228339889579
area_295,40.35454820882861,-73.93540591870968,15098.60503241202,45856.28454368094,0.6293492226815749,29.163611583657335,65.2408430694415,0.9605024049898169,239,22.71572647517945,15.829276909154265,0.6974457042079838,low,,,,14.87756305638503,-7.838163418794421
area_296,40.10466044034648,-74.07705645625845,2804.84766713282,53660.66260148875,0.29284901623964366,40.0,50.72699787331184,0.677958417021942,28,14.94924946261153,9.982716825624347,0.5765999787604664,low,,,,9.784084510075838,-5.165164952535692
area_297,40.45556678199011,-73.60902611530929,5001.8514091348725,68776.31991683536,0.5759378599959654,16.315835319781684,80.0,0.6966625418682572,49,16.35854588107416,9.796372581262888,0.6992916142270117,low,,,,11.183376750155533,-5.175169130918627
area_298,40.9361765641665,-73.55924914076554,1330.5172683228188,50828.04825039977,0.4689326218253534,24.756999488533012,49.12769930238963,0.3423810451564957,11,12.357267385999368,8.267461281330103,0.4998130309136185,low,,,,7.783150806760492,-4.574116579238876
area_299,40.823003574446936,-74.26496870118808,1905.7022137243534,81373.37803608188,0.34992853949772174,40.0,72.82773012189675,0.8794613523210366,26,15.93737515268354,13.643264835793866,0.7593176257401828,low,,,,12.92316375168989,-3.0142114009936503
